[{"pk": 1, "model": "contenttypes.contenttype", "fields": {"model": "logentry", "name": "log entry", "app_label": "admin"}}, {"pk": 2, "model": "contenttypes.contenttype", "fields": {"model": "permission", "name": "permission", "app_label": "auth"}}, {"pk": 3, "model": "contenttypes.contenttype", "fields": {"model": "group", "name": "group", "app_label": "auth"}}, {"pk": 4, "model": "contenttypes.contenttype", "fields": {"model": "user", "name": "user", "app_label": "auth"}}, {"pk": 5, "model": "contenttypes.contenttype", "fields": {"model": "contenttype", "name": "content type", "app_label": "contenttypes"}}, {"pk": 6, "model": "contenttypes.contenttype", "fields": {"model": "session", "name": "session", "app_label": "sessions"}}, {"pk": 7, "model": "contenttypes.contenttype", "fields": {"model": "media", "name": "media", "app_label": "videogames"}}, {"pk": 8, "model": "contenttypes.contenttype", "fields": {"model": "images", "name": "images", "app_label": "videogames"}}, {"pk": 9, "model": "contenttypes.contenttype", "fields": {"model": "videos", "name": "videos", "app_label": "videogames"}}, {"pk": 10, "model": "contenttypes.contenttype", "fields": {"model": "genre", "name": "genre", "app_label": "videogames"}}, {"pk": 11, "model": "contenttypes.contenttype", "fields": {"model": "system", "name": "system", "app_label": "videogames"}}, {"pk": 12, "model": "contenttypes.contenttype", "fields": {"model": "game", "name": "game", "app_label": "videogames"}}, {"pk": 13, "model": "contenttypes.contenttype", "fields": {"model": "person", "name": "person", "app_label": "videogames"}}, {"pk": 14, "model": "contenttypes.contenttype", "fields": {"model": "company", "name": "company", "app_label": "videogames"}}, {"pk": 1, "model": "videogames.media", "fields": {"link": "http://upload.wikimedia.org/wikipedia/en/5/5d/Metroid_boxart.jpg", "other_id": 1, "other_type": "GM"}}, {"pk": 2, "model": "videogames.media", "fields": {"link": "www.youtube.com/embed/WT4pW6n7-rg", "other_id": 1, "other_type": "GM"}}, {"pk": 3, "model": "videogames.media", "fields": {"link": "http://upload.wikimedia.org/wikipedia/en/6/6d/Sonic1.png", "other_id": 2, "other_type": "GM"}}, {"pk": 4, "model": "videogames.media", "fields": {"link": "www.youtube.com/embed/cIIagVIQEpg", "other_id": 2, "other_type": "GM"}}, {"pk": 5, "model": "videogames.media", "fields": {"link": "http://upload.wikimedia.org/wikipedia/en/4/44/Crash_Bandicoot_Cover.png", "other_id": 3, "other_type": "GM"}}, {"pk": 6, "model": "videogames.media", "fields": {"link": "www.youtube.com/embed/_9duLa-mixQ", "other_id": 3, "other_type": "GM"}}, {"pk": 7, "model": "videogames.media", "fields": {"link": "http://upload.wikimedia.org/wikipedia/en/thumb/a/a5/Super_Mario_Bros._3_coverart.png/250px-Super_Mario_Bros._3_coverart.png", "other_id": 4, "other_type": "GM"}}, {"pk": 8, "model": "videogames.media", "fields": {"link": "www.youtube.com/embed/92bgHaM3B5A", "other_id": 4, "other_type": "GM"}}, {"pk": 9, "model": "videogames.media", "fields": {"link": "http://upload.wikimedia.org/wikipedia/en/7/72/BombermanCover.jpg", "other_id": 5, "other_type": "GM"}}, {"pk": 10, "model": "videogames.media", "fields": {"link": "www.youtube.com/embed/ppMNsFNDSdI", "other_id": 5, "other_type": "GM"}}, {"pk": 11, "model": "videogames.media", "fields": {"link": "http://upload.wikimedia.org/wikipedia/en/7/7c/SSF2_US_flyer.png", "other_id": 6, "other_type": "GM"}}, {"pk": 12, "model": "videogames.media", "fields": {"link": "www.youtube.com/embed/T0etFqS48yw", "other_id": 6, "other_type": "GM"}}, {"pk": 13, "model": "videogames.media", "fields": {"link": "http://zeldawiki.org/images/f/f9/Zelda_SNES.jpg", "other_id": 7, "other_type": "GM"}}, {"pk": 14, "model": "videogames.media", "fields": {"link": "www.youtube.com/embed/a6DpoeuJ4ww", "other_id": 7, "other_type": "GM"}}, {"pk": 15, "model": "videogames.media", "fields": {"link": "http://upload.wikimedia.org/wikipedia/en/c/c1/Dkc_snes_boxart.jpg", "other_id": 8, "other_type": "GM"}}, {"pk": 16, "model": "videogames.media", "fields": {"link": "www.youtube.com/embed/nRJElhsCkCA", "other_id": 8, "other_type": "GM"}}, {"pk": 17, "model": "videogames.media", "fields": {"link": "http://upload.wikimedia.org/wikipedia/en/5/5f/Mortal_Kombat_II_arcade.png", "other_id": 9, "other_type": "GM"}}, {"pk": 18, "model": "videogames.media", "fields": {"link": "www.youtube.com/embed/t-NolhJYPg4", "other_id": 9, "other_type": "GM"}}, {"pk": 19, "model": "videogames.media", "fields": {"link": "http://upload.wikimedia.org/wikipedia/en/0/05/John_Madden_Football_%2792_Coverart.png", "other_id": 10, "other_type": "GM"}}, {"pk": 20, "model": "videogames.media", "fields": {"link": "www.youtube.com/embed/f_H5UqkNcZQ", "other_id": 10, "other_type": "GM"}}, {"pk": 21, "model": "videogames.media", "fields": {"link": "http://upload.wikimedia.org/wikipedia/en/d/d8/FF1_USA_boxart.jpg", "other_id": 11, "other_type": "GM"}}, {"pk": 22, "model": "videogames.media", "fields": {"link": "www.youtube.com/embed/1QacOrCLlZg", "other_id": 11, "other_type": "GM"}}, {"pk": 23, "model": "videogames.media", "fields": {"link": "http://upload.wikimedia.org/wikipedia/en/1/16/The_Lion_King_Coverart.png", "other_id": 12, "other_type": "GM"}}, {"pk": 24, "model": "videogames.media", "fields": {"link": "www.youtube.com/embed/d7R-mIdwHIs", "other_id": 12, "other_type": "GM"}}, {"pk": 25, "model": "videogames.media", "fields": {"link": "http://www.gamestm.co.uk/wp-content/uploads/2010/09/Yoshio-Sakamoto.jpg", "other_id": 1, "other_type": "PPL"}}, {"pk": 26, "model": "videogames.media", "fields": {"link": "www.youtube.com/embed/eBuWOKsK2JE", "other_id": 1, "other_type": "PPL"}}, {"pk": 27, "model": "videogames.media", "fields": {"link": "http://img2.wikia.nocookie.net/__cb20121114201852/rare/images/c/ce/Nintendo_Logo.png", "other_id": 1, "other_type": "CP"}}, {"pk": 28, "model": "videogames.media", "fields": {"link": "http://img3.wikia.nocookie.net/__cb20090824035850/sonic/images/1/17/Yuji_naka.jpg", "other_id": 2, "other_type": "PPL"}}, {"pk": 29, "model": "videogames.media", "fields": {"link": "www.youtube.com/embed/tF-gQxcdfyo", "other_id": 2, "other_type": "PPL"}}, {"pk": 30, "model": "videogames.media", "fields": {"link": "https://pbs.twimg.com/profile_images/795892704/Andy2007HeadShotSmall.jpg", "other_id": 3, "other_type": "PPL"}}, {"pk": 31, "model": "videogames.media", "fields": {"link": "www.youtube.com/embed/Kx4hlpD0igg", "other_id": 3, "other_type": "PPL"}}, {"pk": 32, "model": "videogames.media", "fields": {"link": "http://upload.wikimedia.org/wikipedia/commons/d/de/Shigeru_Miyamoto_GDC_2007.jpg", "other_id": 4, "other_type": "PPL"}}, {"pk": 33, "model": "videogames.media", "fields": {"link": "www.youtube.com/embed/c0SRMsgOgCo", "other_id": 4, "other_type": "PPL"}}, {"pk": 34, "model": "videogames.media", "fields": {"link": "http://www.wired.com/images_blogs/gamelife/images/2008/10/15/takahashi_edit_2.jpg", "other_id": 5, "other_type": "PPL"}}, {"pk": 35, "model": "videogames.media", "fields": {"link": "www.youtube.com/embed/oJ4lmAFB7d4", "other_id": 5, "other_type": "PPL"}}, {"pk": 36, "model": "videogames.media", "fields": {"link": "http://www.bloomberg.com/image/iaw07eLcseZo.jpg", "other_id": 6, "other_type": "PPL"}}, {"pk": 37, "model": "videogames.media", "fields": {"link": "www.youtube.com/embed/KefJl_tdqG8", "other_id": 6, "other_type": "PPL"}}, {"pk": 38, "model": "videogames.media", "fields": {"link": "http://img3.wikia.nocookie.net/__cb20110521154333/nintendo/en/images/c/ca/Dan_Owsen.jpg", "other_id": 7, "other_type": "PPL"}}, {"pk": 39, "model": "videogames.media", "fields": {"link": "http://testyourmight.com/attachments/boon-jpg.2442/", "other_id": 8, "other_type": "PPL"}}, {"pk": 40, "model": "videogames.media", "fields": {"link": "www.youtube.com/embed/sNGzSBEBMZ0", "other_id": 8, "other_type": "PPL"}}, {"pk": 41, "model": "videogames.media", "fields": {"link": "http://media-cache-ec0.pinimg.com/736x/e8/f7/5f/e8f75f75b0e28ea5f3ce720d11254b04.jpg", "other_id": 9, "other_type": "PPL"}}, {"pk": 42, "model": "videogames.media", "fields": {"link": "www.youtube.com/embed/-MWtJNQc2ZA", "other_id": 9, "other_type": "PPL"}}, {"pk": 43, "model": "videogames.media", "fields": {"link": "http://upload.wikimedia.org/wikipedia/commons/e/e5/Frank_Klepacki_on_an_insert_photo_of_his_Morphscape_album.jpg", "other_id": 10, "other_type": "PPL"}}, {"pk": 44, "model": "videogames.media", "fields": {"link": "www.youtube.com/embed/vebuL1cxkFs", "other_id": 10, "other_type": "PPL"}}, {"pk": 45, "model": "videogames.media", "fields": {"link": "http://assets.espn.go.com/i/eticket/20100803/photos/etick_madden13_576.jpg", "other_id": 11, "other_type": "PPL"}}, {"pk": 46, "model": "videogames.media", "fields": {"link": "www.youtube.com/embed/Bva6UR7pypg", "other_id": 11, "other_type": "PPL"}}, {"pk": 47, "model": "videogames.media", "fields": {"link": "http://upload.wikimedia.org/wikipedia/commons/4/41/SEGA_logo.png", "other_id": 2, "other_type": "CP"}}, {"pk": 48, "model": "videogames.media", "fields": {"link": "http://www.343industries.org/forum/uploads/66dec10cfa9ab2bae49bddeea517888e.jpg", "other_id": 3, "other_type": "CP"}}, {"pk": 49, "model": "videogames.media", "fields": {"link": "http://upload.wikimedia.org/wikipedia/en/1/12/Hudson.svg", "other_id": 4, "other_type": "CP"}}, {"pk": 50, "model": "videogames.media", "fields": {"link": "http://upload.wikimedia.org/wikipedia/commons/thumb/e/ef/Capcom_logo.svg/320px-Capcom_logo.svg.png", "other_id": 5, "other_type": "CP"}}, {"pk": 51, "model": "videogames.media", "fields": {"link": "http://upload.wikimedia.org/wikipedia/en/8/8f/RarewareLogoOld.jpg", "other_id": 6, "other_type": "CP"}}, {"pk": 52, "model": "videogames.media", "fields": {"link": "http://upload.wikimedia.org/wikipedia/en/b/be/Midway_Games_logo.png", "other_id": 7, "other_type": "CP"}}, {"pk": 53, "model": "videogames.media", "fields": {"link": "http://upload.wikimedia.org/wikipedia/commons/d/d9/Electronic_Arts_logo.svg", "other_id": 8, "other_type": "CP"}}, {"pk": 54, "model": "videogames.media", "fields": {"link": "http://upload.wikimedia.org/wikipedia/commons/7/72/Square_logo.png", "other_id": 9, "other_type": "CP"}}, {"pk": 55, "model": "videogames.media", "fields": {"link": "http://upload.wikimedia.org/wikipedia/commons/9/9d/Westwood-Studios-Logo-RGB.svg", "other_id": 10, "other_type": "CP"}}, {"pk": 1, "model": "videogames.images", "fields": {}}, {"pk": 3, "model": "videogames.images", "fields": {}}, {"pk": 5, "model": "videogames.images", "fields": {}}, {"pk": 7, "model": "videogames.images", "fields": {}}, {"pk": 9, "model": "videogames.images", "fields": {}}, {"pk": 11, "model": "videogames.images", "fields": {}}, {"pk": 13, "model": "videogames.images", "fields": {}}, {"pk": 15, "model": "videogames.images", "fields": {}}, {"pk": 17, "model": "videogames.images", "fields": {}}, {"pk": 19, "model": "videogames.images", "fields": {}}, {"pk": 21, "model": "videogames.images", "fields": {}}, {"pk": 23, "model": "videogames.images", "fields": {}}, {"pk": 25, "model": "videogames.images", "fields": {}}, {"pk": 27, "model": "videogames.images", "fields": {}}, {"pk": 28, "model": "videogames.images", "fields": {}}, {"pk": 30, "model": "videogames.images", "fields": {}}, {"pk": 32, "model": "videogames.images", "fields": {}}, {"pk": 34, "model": "videogames.images", "fields": {}}, {"pk": 36, "model": "videogames.images", "fields": {}}, {"pk": 38, "model": "videogames.images", "fields": {}}, {"pk": 39, "model": "videogames.images", "fields": {}}, {"pk": 41, "model": "videogames.images", "fields": {}}, {"pk": 43, "model": "videogames.images", "fields": {}}, {"pk": 45, "model": "videogames.images", "fields": {}}, {"pk": 47, "model": "videogames.images", "fields": {}}, {"pk": 48, "model": "videogames.images", "fields": {}}, {"pk": 49, "model": "videogames.images", "fields": {}}, {"pk": 50, "model": "videogames.images", "fields": {}}, {"pk": 51, "model": "videogames.images", "fields": {}}, {"pk": 52, "model": "videogames.images", "fields": {}}, {"pk": 53, "model": "videogames.images", "fields": {}}, {"pk": 54, "model": "videogames.images", "fields": {}}, {"pk": 55, "model": "videogames.images", "fields": {}}, {"pk": 2, "model": "videogames.videos", "fields": {}}, {"pk": 4, "model": "videogames.videos", "fields": {}}, {"pk": 6, "model": "videogames.videos", "fields": {}}, {"pk": 8, "model": "videogames.videos", "fields": {}}, {"pk": 10, "model": "videogames.videos", "fields": {}}, {"pk": 12, "model": "videogames.videos", "fields": {}}, {"pk": 14, "model": "videogames.videos", "fields": {}}, {"pk": 16, "model": "videogames.videos", "fields": {}}, {"pk": 18, "model": "videogames.videos", "fields": {}}, {"pk": 20, "model": "videogames.videos", "fields": {}}, {"pk": 22, "model": "videogames.videos", "fields": {}}, {"pk": 24, "model": "videogames.videos", "fields": {}}, {"pk": 26, "model": "videogames.videos", "fields": {}}, {"pk": 29, "model": "videogames.videos", "fields": {}}, {"pk": 31, "model": "videogames.videos", "fields": {}}, {"pk": 33, "model": "videogames.videos", "fields": {}}, {"pk": 35, "model": "videogames.videos", "fields": {}}, {"pk": 37, "model": "videogames.videos", "fields": {}}, {"pk": 40, "model": "videogames.videos", "fields": {}}, {"pk": 42, "model": "videogames.videos", "fields": {}}, {"pk": 44, "model": "videogames.videos", "fields": {}}, {"pk": 46, "model": "videogames.videos", "fields": {}}, {"pk": 1, "model": "videogames.genre", "fields": {"types": "Side Scroller"}}, {"pk": 2, "model": "videogames.genre", "fields": {"types": "Platforming"}}, {"pk": 3, "model": "videogames.genre", "fields": {"types": "Racing"}}, {"pk": 4, "model": "videogames.genre", "fields": {"types": "Party"}}, {"pk": 5, "model": "videogames.genre", "fields": {"types": "Arcade"}}, {"pk": 6, "model": "videogames.genre", "fields": {"types": "Strategy"}}, {"pk": 7, "model": "videogames.genre", "fields": {"types": "Fighting"}}, {"pk": 8, "model": "videogames.genre", "fields": {"types": "Action-Adventure"}}, {"pk": 9, "model": "videogames.genre", "fields": {"types": "Role-Playing Game"}}, {"pk": 10, "model": "videogames.genre", "fields": {"types": "Sports"}}, {"pk": 1, "model": "videogames.system", "fields": {"platform": "NES"}}, {"pk": 2, "model": "videogames.system", "fields": {"platform": "Sega Genesis"}}, {"pk": 3, "model": "videogames.system", "fields": {"platform": "playstation"}}, {"pk": 4, "model": "videogames.system", "fields": {"platform": "SNES"}}, {"pk": 1, "model": "videogames.game", "fields": {"name": "Metroid", "people": [1], "release_date": "1986-08-06T00:00:00Z", "copies": 273000, "system": 1, "gamefaq": "http://www.gamefaqs.com/nes/519689-metroid", "synopsis": "description for metroid", "genre": [1], "company": 1}}, {"pk": 2, "model": "videogames.game", "fields": {"name": "Sonic the Hedgehog", "people": [2], "release_date": "1991-06-23T00:00:00Z", "copies": 15000000, "system": 2, "gamefaq": "http://www.gamefaqs.com/genesis/454495-sonic-the-hedgehog", "synopsis": "the blue blurr", "genre": [1, 2], "company": 2}}, {"pk": 3, "model": "videogames.game", "fields": {"name": "Crash Bandicoot", "people": [3], "release_date": "1996-08-31T00:00:00Z", "copies": 6800000, "system": 3, "gamefaq": "http://www.gamefaqs.com/ps/196986-crash-bandicoot/faqs", "synopsis": "uubagada (sound aku aku makes)", "genre": [2, 3, 4], "company": 3}}, {"pk": 4, "model": "videogames.game", "fields": {"name": "Super Mario Bros. 3", "people": [4], "release_date": "1990-02-12T00:00:00Z", "copies": 18000000, "system": 1, "gamefaq": "http://www.gamefaqs.com/nes/525245-super-mario-bros-3/faqs", "synopsis": "HERE WE GOOOOOOOO", "genre": [2], "company": 1}}, {"pk": 5, "model": "videogames.game", "fields": {"name": "Bomberman", "people": [5], "release_date": "1989-01-01T00:00:00Z", "copies": 0, "system": 1, "gamefaq": "http://www.gamefaqs.com/nes/563390-bomberman", "synopsis": "bombs", "genre": [5, 6], "company": 4}}, {"pk": 6, "model": "videogames.game", "fields": {"name": "Super Street Fighter II", "people": [6], "release_date": "1994-05-25T00:00:00Z", "copies": 6300000, "system": 2, "gamefaq": "http://www.gamefaqs.com/snes/588757-super-street-fighter-ii", "synopsis": "HADOUKEN!!!", "genre": [7], "company": 5}}, {"pk": 7, "model": "videogames.game", "fields": {"name": "The Legend of Zelda: A Link to the Past", "people": [4], "release_date": "1992-04-21T00:00:00Z", "copies": 461000, "system": 4, "gamefaq": "http://www.gamefaqs.com/snes/588436-the-legend-of-zelda-a-link-to-the-past/faqs", "synopsis": "zelda is a girl", "genre": [8], "company": 1}}, {"pk": 8, "model": "videogames.game", "fields": {"name": "Donkey Kong Country", "people": [], "release_date": "1994-11-21T00:00:00Z", "copies": 9300000, "system": 4, "gamefaq": "http://www.gamefaqs.com/snes/588282-donkey-kong-country", "synopsis": "monkeys", "genre": [], "company": 6}}, {"pk": 9, "model": "videogames.game", "fields": {"name": "Mortal Kombat II", "people": [], "release_date": "1994-09-09T00:00:00Z", "copies": 1780000, "system": 2, "gamefaq": "http://www.gamefaqs.com/genesis/563224-mortal-kombat-ii/faqs", "synopsis": "FINISH HIM!!!", "genre": [], "company": 7}}, {"pk": 10, "model": "videogames.game", "fields": {"name": "John Madden Football '92", "people": [11], "release_date": "1992-01-01T00:00:00Z", "copies": 1700000, "system": 2, "gamefaq": "http://www.gamefaqs.com/genesis/366816-john-madden-football-92", "synopsis": "you teach me to football?", "genre": [10], "company": 8}}, {"pk": 11, "model": "videogames.game", "fields": {"name": "Final Fantasy", "people": [9], "release_date": "1987-12-17T00:00:00Z", "copies": 400000, "system": 1, "gamefaq": "http://www.gamefaqs.com/nes/522595-final-fantasy/faqs", "synopsis": "best game series ever", "genre": [9], "company": 9}}, {"pk": 12, "model": "videogames.game", "fields": {"name": "The Lion King", "people": [10], "release_date": "1994-12-08T00:00:00Z", "copies": 1270000, "system": 2, "gamefaq": "http://www.gamefaqs.com/sms/570292-the-lion-king/faqs", "synopsis": "haaaaaa savenyaaaaa matiis ababaaaa", "genre": [2], "company": 10}}, {"pk": 1, "model": "videogames.person", "fields": {"name": "Yoshio Sakamoto", "DOB": "1959-07-23T00:00:00Z", "residence": "Kyoto, Japan", "twitter": "/yoshio_sakamoto", "companies": [1], "description": "description for Yoshio"}}, {"pk": 2, "model": "videogames.person", "fields": {"name": "Naoto Oshima", "DOB": "1964-01-26T00:00:00Z", "residence": "Japan", "twitter": "", "companies": [2], "description": "Stuff about Naoto"}}, {"pk": 3, "model": "videogames.person", "fields": {"name": "Andy Gavin", "DOB": "1970-06-11T00:00:00Z", "residence": "Santa Monica, California", "twitter": "/asgavin", "companies": [3], "description": "desc for Andy Gavin"}}, {"pk": 4, "model": "videogames.person", "fields": {"name": "Shigeru Miyamoto", "DOB": "1952-11-16T00:00:00Z", "residence": "Kyoto, Japan", "twitter": "/ShigeruMiyamot", "companies": [1], "description": "description for shigeru"}}, {"pk": 5, "model": "videogames.person", "fields": {"name": "Takahashi", "DOB": "1952-11-16T00:00:00Z", "residence": "Sapporo, Japan", "twitter": "/YoichiTakahashi", "companies": [4], "description": "description for taka"}}, {"pk": 6, "model": "videogames.person", "fields": {"name": "Kenzo Tsujimoto", "DOB": "1940-12-15T00:00:00Z", "residence": "Nara, Japan", "twitter": "", "companies": [5], "description": "desc for kenzo"}}, {"pk": 7, "model": "videogames.person", "fields": {"name": "Daniel Owsen", "DOB": "1966-08-27T00:00:00Z", "residence": "Detroit, Michigan", "twitter": "/DanOwsen", "companies": [6], "description": "sir daniel fortesque"}}, {"pk": 8, "model": "videogames.person", "fields": {"name": "Ed Boon", "DOB": "1964-02-22T00:00:00Z", "residence": "Chicago, Illinois", "twitter": "/noobde", "companies": [7], "description": "ed boondocks"}}, {"pk": 9, "model": "videogames.person", "fields": {"name": "Nasir Gebelli", "DOB": "1957-01-01T00:00:00Z", "residence": "Iran", "twitter": "", "companies": [9], "description": "gebelli"}}, {"pk": 10, "model": "videogames.person", "fields": {"name": "Frank Klepacki", "DOB": "1974-05-25T00:00:00Z", "residence": "Las Vegas, Nevada", "twitter": "/FrankKlepacki", "companies": [10], "description": "klepacki"}}, {"pk": 11, "model": "videogames.person", "fields": {"name": "John Madden", "DOB": "1936-04-10T00:00:00Z", "residence": "Austin, Minnesota", "twitter": "/john_e_madden", "companies": [8], "description": "FOOTBALL!!!"}}, {"pk": 1, "model": "videogames.company", "fields": {"mapimage": "http://tinyurl.com/k98jxdn", "name": "Nintendo", "webpage": "http://www.nintendo.com/", "founded": "1889-01-01T00:00:00Z", "location": "Kyoto, Japan", "description": "description for nintendo"}}, {"pk": 2, "model": "videogames.company", "fields": {"mapimage": "http://tinyurl.com/m9rglja", "name": "Sega", "webpage": "http://www.sega.com/", "founded": "1960-06-03T00:00:00Z", "location": "Honolulu, Hawaii", "description": "its SEGA!!!!"}}, {"pk": 3, "model": "videogames.company", "fields": {"mapimage": "http://tinyurl.com/lseu8tq", "name": "Naughty Dog", "webpage": "http://www.sega.com/", "founded": "1989-01-01T00:00:00Z", "location": "Santa Monica, California", "description": "woof woof"}}, {"pk": 4, "model": "videogames.company", "fields": {"mapimage": "http://tinyurl.com/mbye7kh", "name": "Hudson Soft", "webpage": "https://www.konami.com/", "founded": "1973-05-18T00:00:00Z", "location": "Tokyo, Japan", "description": "desc for hudson"}}, {"pk": 5, "model": "videogames.company", "fields": {"mapimage": "http://tinyurl.com/mftvtff", "name": "Capcom", "webpage": "https://www.konami.com/", "founded": "1973-05-18T00:00:00Z", "location": "Osaka, Japan", "description": "fight!"}}, {"pk": 6, "model": "videogames.company", "fields": {"mapimage": "http://tinyurl.com/lpldo4g", "name": "Rare", "webpage": "http://www.rareusa.com", "founded": "1985-01-01T00:00:00Z", "location": "Leicestershire, England", "description": "rarity"}}, {"pk": 7, "model": "videogames.company", "fields": {"mapimage": "http://tinyurl.com/mdlqzuq", "name": "Midway", "webpage": "http://www.rareusa.com/", "founded": "1988-01-01T00:00:00Z", "location": "Chicago, Illinois", "description": "middle"}}, {"pk": 8, "model": "videogames.company", "fields": {"mapimage": "http://tinyurl.com/mvl8jov", "name": "Electronic Arts", "webpage": "http://www.ea.com/", "founded": "1982-05-02T00:00:00Z", "location": "Redwood, California", "description": "worst company in america"}}, {"pk": 9, "model": "videogames.company", "fields": {"mapimage": "http://tinyurl.com/mevs64j", "name": "Square", "webpage": "http://na.square-enix.com/us/home", "founded": "1986-09-01T00:00:00Z", "location": "Tokyo, Japan", "description": "circle"}}, {"pk": 10, "model": "videogames.company", "fields": {"mapimage": "http://tinyurl.com/knkyxdf", "name": "Westwood Studios", "webpage": "http://en.wikipedia.org/wiki/Westwood_Studios", "founded": "1985-01-01T00:00:00Z", "location": "Las Vegas, Nevada", "description": "wws"}}, {"pk": 1, "model": "auth.permission", "fields": {"codename": "add_logentry", "name": "Can add log entry", "content_type": 1}}, {"pk": 2, "model": "auth.permission", "fields": {"codename": "change_logentry", "name": "Can change log entry", "content_type": 1}}, {"pk": 3, "model": "auth.permission", "fields": {"codename": "delete_logentry", "name": "Can delete log entry", "content_type": 1}}, {"pk": 4, "model": "auth.permission", "fields": {"codename": "add_permission", "name": "Can add permission", "content_type": 2}}, {"pk": 5, "model": "auth.permission", "fields": {"codename": "change_permission", "name": "Can change permission", "content_type": 2}}, {"pk": 6, "model": "auth.permission", "fields": {"codename": "delete_permission", "name": "Can delete permission", "content_type": 2}}, {"pk": 7, "model": "auth.permission", "fields": {"codename": "add_group", "name": "Can add group", "content_type": 3}}, {"pk": 8, "model": "auth.permission", "fields": {"codename": "change_group", "name": "Can change group", "content_type": 3}}, {"pk": 9, "model": "auth.permission", "fields": {"codename": "delete_group", "name": "Can delete group", "content_type": 3}}, {"pk": 10, "model": "auth.permission", "fields": {"codename": "add_user", "name": "Can add user", "content_type": 4}}, {"pk": 11, "model": "auth.permission", "fields": {"codename": "change_user", "name": "Can change user", "content_type": 4}}, {"pk": 12, "model": "auth.permission", "fields": {"codename": "delete_user", "name": "Can delete user", "content_type": 4}}, {"pk": 13, "model": "auth.permission", "fields": {"codename": "add_contenttype", "name": "Can add content type", "content_type": 5}}, {"pk": 14, "model": "auth.permission", "fields": {"codename": "change_contenttype", "name": "Can change content type", "content_type": 5}}, {"pk": 15, "model": "auth.permission", "fields": {"codename": "delete_contenttype", "name": "Can delete content type", "content_type": 5}}, {"pk": 16, "model": "auth.permission", "fields": {"codename": "add_session", "name": "Can add session", "content_type": 6}}, {"pk": 17, "model": "auth.permission", "fields": {"codename": "change_session", "name": "Can change session", "content_type": 6}}, {"pk": 18, "model": "auth.permission", "fields": {"codename": "delete_session", "name": "Can delete session", "content_type": 6}}, {"pk": 19, "model": "auth.permission", "fields": {"codename": "add_media", "name": "Can add media", "content_type": 7}}, {"pk": 20, "model": "auth.permission", "fields": {"codename": "change_media", "name": "Can change media", "content_type": 7}}, {"pk": 21, "model": "auth.permission", "fields": {"codename": "delete_media", "name": "Can delete media", "content_type": 7}}, {"pk": 22, "model": "auth.permission", "fields": {"codename": "add_images", "name": "Can add images", "content_type": 8}}, {"pk": 23, "model": "auth.permission", "fields": {"codename": "change_images", "name": "Can change images", "content_type": 8}}, {"pk": 24, "model": "auth.permission", "fields": {"codename": "delete_images", "name": "Can delete images", "content_type": 8}}, {"pk": 25, "model": "auth.permission", "fields": {"codename": "add_videos", "name": "Can add videos", "content_type": 9}}, {"pk": 26, "model": "auth.permission", "fields": {"codename": "change_videos", "name": "Can change videos", "content_type": 9}}, {"pk": 27, "model": "auth.permission", "fields": {"codename": "delete_videos", "name": "Can delete videos", "content_type": 9}}, {"pk": 28, "model": "auth.permission", "fields": {"codename": "add_genre", "name": "Can add genre", "content_type": 10}}, {"pk": 29, "model": "auth.permission", "fields": {"codename": "change_genre", "name": "Can change genre", "content_type": 10}}, {"pk": 30, "model": "auth.permission", "fields": {"codename": "delete_genre", "name": "Can delete genre", "content_type": 10}}, {"pk": 31, "model": "auth.permission", "fields": {"codename": "add_system", "name": "Can add system", "content_type": 11}}, {"pk": 32, "model": "auth.permission", "fields": {"codename": "change_system", "name": "Can change system", "content_type": 11}}, {"pk": 33, "model": "auth.permission", "fields": {"codename": "delete_system", "name": "Can delete system", "content_type": 11}}, {"pk": 34, "model": "auth.permission", "fields": {"codename": "add_game", "name": "Can add game", "content_type": 12}}, {"pk": 35, "model": "auth.permission", "fields": {"codename": "change_game", "name": "Can change game", "content_type": 12}}, {"pk": 36, "model": "auth.permission", "fields": {"codename": "delete_game", "name": "Can delete game", "content_type": 12}}, {"pk": 37, "model": "auth.permission", "fields": {"codename": "add_person", "name": "Can add person", "content_type": 13}}, {"pk": 38, "model": "auth.permission", "fields": {"codename": "change_person", "name": "Can change person", "content_type": 13}}, {"pk": 39, "model": "auth.permission", "fields": {"codename": "delete_person", "name": "Can delete person", "content_type": 13}}, {"pk": 40, "model": "auth.permission", "fields": {"codename": "add_company", "name": "Can add company", "content_type": 14}}, {"pk": 41, "model": "auth.permission", "fields": {"codename": "change_company", "name": "Can change company", "content_type": 14}}, {"pk": 42, "model": "auth.permission", "fields": {"codename": "delete_company", "name": "Can delete company", "content_type": 14}}]